path,id
_next/static/3vbGrQPalsmlEdOrvlOpD/_buildManifest.js,84A0dUchgfQmcETO8PpcsZddAg3Fyvb4OegJmHoBMKE
_next/static/3vbGrQPalsmlEdOrvlOpD/_ssgManifest.js,0Qy6VM0dY2DdKR7ZMncX3V7LmZ2HtEhWe6ZCVd-F-B8
_next/static/3vbGrQPalsmlEdOrvlOpD/_middlewareManifest.js,ArvlnMlq1G5qejHUi4z0J3D1guT7qXuzWAhQbOgalhQ
404,zxyOFYrNVQgu3pgCNLai8wRGosTLfHmGq5pmvAJRk08
_next/static/chunks/pages/index-49cff412abe9b131.js,9Z_loZNVw-IBbQt3xy6QfBMe5zvJCKTRFHdVykBrQz8
index,1mfikKjM3ysR5C2hYPWfuwrSmFN5zJ2diHHpdleY4hE
favicon.ico,Y-U0zob1yc6oV3PZqPs4GpZKhyIsZ7G7f8pa-0tHUYg
_next/static/chunks/pages/_app-3d24e76344852c5d.js,xLN1zNZa8wM4Vbj9jSje8tBpxMb-Yq4Vy4kMKIZcKec
_next/static/chunks/pages/_error-2280fa386d040b66.js,9CN6I7XX3lTM5Qa6bWBQgrdevYy3qYQQE7IJw-oszGU
_next/static/css/99fab42b8757dd2e.css,PHAtEZrWDVnP8GaoKcIF28zInRYrtCmTMzcuVTKK2OA
_next/static/chunks/webpack-a2ce1f7754b5f875.js,KMuP2X0LNGdS1yPFAJWGVV5I_mSnVktC-T2pz7U8cmk
_next/static/media/poppins-latin-400-normal.916d3686.woff2,LqhBMYMfwNJCztzxYJq6gaNdBScBj_5szgsA-DlGr_4
_next/static/media/poppins-latin-ext-400-normal.591327bf.woff2,CYkegNtz1xTsQwW3sj4dWRH765OcWgvDwoxNQmsYbQk
_next/static/chunks/main-101cfeaa18eb0e64.js,ANW_39JkIZvTptuz34mALv3rAeYVvbgmBo8pKwetAs4
_next/static/media/poppins-devanagari-400-normal.87c72f23.woff2,gotEMDNRIfZgVaHU0G3IEILI5tEyqyR8OM5GIhk43kc
_next/static/chunks/framework-6e4ba497ae0c8a3f.js,YfuKARR6mD6XqQykko2m5xgFJKo4q40NBkhYaACRO00
_next/static/media/poppins-all-400-normal.268c923b.woff,RlLNNZF1hXzHScghklU2My66cBJefD93gGCP6urJtm4
_next/static/chunks/polyfills-5cd94c89d3acac5f.js,DIeT28-CgjVkZxOg_5P_pWI0Bpnb7DH3WWycBHeoqmQ
_next/static/chunks/24-2e8988e23052dfb0.js,UeoLCP1xxIemXISoRoY2bbgkEAGsIeWx5Vm0HF9PGHs
_next/static/_XL5RWIo-cgyrL3MjUOrG/_ssgManifest.js,at0QYGaj4BSIz-fTHnW7C-kPZO7YvFE9vOctfVcQYas
_next/static/chunks/webpack-5761f3a204ffdf4a.js,NgAopgIgcFLDVuRcfDtEg51W_YsKFLIimi3j40pslHU
_next/static/css/f81b0f59e7d547e3.css,flh6SS7H80hTFYwgODB8znBC9iDEfTcRN2tQSmlKDxs
_next/static/_XL5RWIo-cgyrL3MjUOrG/_middlewareManifest.js,lLLrJeHUyHhybYAutS39lnoTjga5lPzfa5HuWXEZJEY
_next/static/_XL5RWIo-cgyrL3MjUOrG/_buildManifest.js,f6QWBFpMPaUixtq1-XNaOQ2S-InZjQIRlo1vTzKoL24
_next/static/ZexknBB2RylwQbXX5LgMz/_buildManifest.js,Rbh0Aump2hLftM-8zTYXTKVFFFa2PhOUCKacpk5zoqE
_next/static/ZexknBB2RylwQbXX5LgMz/_middlewareManifest.js,chvqmsn7EbmCE0fzM7eg64Hg9F49nxjAj0zT_lfx4Rw
_next/static/ZexknBB2RylwQbXX5LgMz/_ssgManifest.js,nAXCFSR4q4HE8VUecBfbpYoLyS9Eq6meR_d1UcnvOeM
